{
	"builds": [
		{
			"name": "Arctic Z Build (Omega)",
			"version": "1.0",
			"url": "https://zzzbuilds.com/kodi/files/builds/Arctic%20Z.zip",
			"icon": "https://zzzbuilds.com/kodi/files/plugin.program.zzzbuilds/icon.png",
			"fanart": "https://zzzbuilds.com/kodi/files/builds/arcticz.jpg",
			"description": "A heavy build for powerfull devices with the Arctic Fuse 2 skin."
		},
		{
			"name": "Titan Z Build (Omega)",
			"version": "1.0",
			"url": "https://zzzbuilds.com/kodi/files/builds/Titan%20Z.zip",
			"icon": "https://zzzbuilds.com/kodi/files/plugin.program.zzzbuilds/icon.png",
			"fanart": "https://zzzbuilds.com/kodi/files/builds/titanz.jpg",
			"description": "A heavy build for powerfull devices with the Titan Bingie skin."
		},
		{
			"name": "Arctic Horizon Z Build (Omega)",
			"version": "1.0",
			"url": "https://zzzbuilds.com/kodi/files/builds/Arctic%20Horizon%20Z.zip",
			"icon": "https://zzzbuilds.com/kodi/files/plugin.program.zzzbuilds/icon.png",
			"fanart": "https://zzzbuilds.com/kodi/files/builds/arctichorizonz.jpg",
			"description": "A balanced build for medium powerfull devices with the Arctic Horizon 2 skin."
		},
		{
			"name": "FENtastic Z Build (Omega)",
			"version": "1.0",
			"url": "https://zzzbuilds.com/kodi/files/builds/FENtastic%20Z.zip",
			"icon": "https://zzzbuilds.com/kodi/files/plugin.program.zzzbuilds/icon.png",
			"fanart": "https://zzzbuilds.com/kodi/files/builds/fentasticz.jpg",
			"description": "A lightweight build for less powerfull devices with the FENtastic skin."
		}
	]
}