<?xml version="1.0" encoding="UTF-8" standalone="yes"?>
<addon id="repository.zzzbuilds" name="[COLOR limegreen][B]zZz[/B][/COLOR]Builds Repository" version="2.0" provider-name="drinfernoo">
    <extension point="xbmc.addon.repository" name="[COLOR limegreen][B]zZz[/B][/COLOR]Builds Repository">
        <dir minversion="18.0">
            <info compressed="false">https://raw.githubusercontent.com/a4k-openproject/repository.zzzbuilds/master/leia/zips/addons.xml</info>
            <checksum>https://raw.githubusercontent.com/a4k-openproject/repository.zzzbuilds/master/leia/zips/addons.xml.md5</checksum>
            <datadir zip="true">https://raw.githubusercontent.com/a4k-openproject/repository.zzzbuilds/master/leia/zips/</datadir>
        </dir>
    </extension>
    
    <extension point="xbmc.addon.metadata">
        <summary>[COLOR limegreen][B]zZz[/B][/COLOR]Builds</summary>
        <description>The official home of [COLOR limegreen][B]zZz[/B][/COLOR]Builds.</description>
        <disclaimer></disclaimer>
        <platform>all</platform>
        <assets>
            <icon>icon.png</icon>
            <fanart>fanart.jpg</fanart>
        </assets>
        <source>https://www.github.com/a4k-openproject/repository.zzzbuilds/</source>
    </extension>
</addon>